"First Name","Last Name"
"Alexander","Barnes"
"Maximilian","Wilson"
"Eddy","Hunt"
"Preston","Richards"
"Miranda","Williams"
"Thomas","Myers"
"Lilianna","Craig"
"Henry","West"
"Spike","Brown"
"Abigail","Wright"
"Richard","Murphy"
"Albert","Carter"
"Maximilian","Johnston"
"Aiden","Riley"
"Dale","Walker"
"Lyndon","Baker"
"Paige","Cooper"
"Fenton","Higgins"
"Carina","Martin"
"Kate","Owens"
"Justin","Mitchell"
"Spike","Wright"
"Vanessa","Walker"
"Edwin","Grant"
"Kevin","Gibson"
"William","Brooks"
"Justin","Johnston"
"Daryl","Bailey"
"Fiona","Higgins"
"Penelope","Scott"
"Sydney","Lloyd"
"Sydney","Farrell"
"Alina","Crawford"
"Tara","Montgomery"
"Fenton","Myers"
"Sam","Johnston"
"Albert","Gibson"
"Myra","Brown"
"Antony","Smith"
"Kate","Brown"
"Amanda","Grant"
"Henry","Myers"
"Ryan","Harris"
"Chloe","Cameron"
"Henry","Cameron"
"Edith","Andrews"
"Wilson","Thomas"
"Nicole","Andrews"
"Roland","Hill"
"Frederick","Barrett"
"Deanna","Douglas"
"Olivia","Hill"
"Derek","Higgins"
"Tiana","Hamilton"
"Clark","Gray"
"Alford","Campbell"
"Honey","Phillips"
"Victor","Wells"
"Darcy","Elliott"
"Adison","Carter"
"Anna","Casey"
"Alisa","Grant"
"Arthur","Stevens"
"Aldus","Campbell"
"Miranda","Gibson"
"Tyler","Myers"
"Adrianna","West"
"Lily","Parker"
"Vanessa","Thompson"
"Sawyer","Armstrong"
"Isabella","Myers"
"Cadie","Spencer"
"Brooke","Douglas"
"Daisy","Mason"
"George","Farrell"
"Preston","Brown"
"Joyce","Brooks"
"Carlos","Mitchell"
"Carina","Spencer"
"Lydia","Miller"
"Martin","Riley"
"John","Sullivan"
"Andrew","West"
"Melissa","Ferguson"
"Harold","Robinson"
"Patrick","Nelson"
"Freddie","Roberts"
"Heather","Rogers"
"Eleanor","Mason"
"Thomas","Morris"
"Daryl","Cooper"
"Maya","Crawford"
"Rubie","Kelly"
"Abraham","Harper"
"Alan","Taylor"
"Paul","Adams"
"Connie","Taylor"
"Adison","Armstrong"
"Aiden","Parker"
"Abraham","Miller"
"Brianna","Sullivan"
"Cherry","Wells"
"Reid","Henderson"
"Olivia","Martin"
"Adam","Stevens"
"David","Ellis"
"Tess","Hawkins"
"Cherry","Robinson"
"Leonardo","Myers"
"Daryl","Cameron"
"Annabella","Ellis"
"Maddie","Hill"
"Jacob","Russell"
"Ryan","Taylor"
"Jenna","Perry"
"Ned","Ferguson"
"Carlos","Thompson"
"Amanda","Kelley"
"Sam","Lloyd"
"Spike","Morgan"
"Tara","Crawford"
"Aldus","Phillips"
"Jenna","Hill"
"Jared","Elliott"
"Roland","Carroll"
"Deanna","Smith"
"Ted","Allen"
"Rosie","Hall"
"Valeria","Clark"
"Aldus","Wells"
"Dexter","Fowler"
"Madaline","Stewart"
"Elise","Andrews"
"Ellia","Foster"
"Maximilian","Douglas"
"Vivian","Miller"
"Alen","Morris"
"Thomas","Warren"
"Edwin","Warren"
"Dexter","Wilson"
"Jacob","Alexander"
"Alan","Lloyd"
"Michelle","Scott"
"Frederick","Harris"
"Victor","Roberts"
"Ellia","Ross"
"Camila","Taylor"
"Ada","Johnson"
"Haris","Hawkins"
"Lenny","Spencer"
"Adrianna","Stevens"
"Emily","Crawford"
"Adam","Brooks"
"Fiona","Alexander"
"Sofia","Watson"
"Patrick","Bennett"
"Ellia","Sullivan"
"Darcy","Thomas"
"Jack","Howard"
"Haris","Cole"
"Lilianna","Farrell"
"Alan","Turner"
"John","Mason"
"Leonardo","Lloyd"
"Paul","Edwards"
"Ted","Morgan"
"Lily","Payne"
"Maximilian","Thomas"
"Jenna","Ellis"
"Kirsten","West"
"Abraham","Wilson"
"Thomas","Phillips"
"Hailey","Evans"
"Chester","Mitchell"
"Camila","Lloyd"
"Chester","Higgins"
"Frederick","Gibson"
"Elian","Williams"
"Connie","Henderson"
"Adrianna","Miller"
"Freddie","Baker"
"Ada","Hall"
"Victor","Morgan"
"Savana","Riley"
"Agata","Murray"
"Annabella","Morrison"
"Amelia","Holmes"
"Kristian","Owens"
"Kelvin","Anderson"
"Rubie","Montgomery"
"Patrick","Adams"
"Ryan","Alexander"
"Rubie","Mitchell"
"Dainton","Baker"
"Ashton","Cooper"
"Stuart","Myers"
"Amy","Alexander"
"Tyler","Alexander"
"Roland","Richardson"
"Carina","Warren"
